{"cameraMode":{"drawMode":0,"name":"Shaded","section":"Shading Mode"},"sceneLighting":true,"audioPlay":false,"sceneViewState":{"showFog":true,"showMaterialUpdate":false,"showSkybox":true,"showFlares":true,"showImageEffects":true,"showParticleSystems":true},"in2DMode":false,"pivot":{"x":0.5318694710731506,"y":-2.7295217514038088,"z":3.9801340103149416},"rotation":{"x":0.3357217311859131,"y":0.005899209529161453,"z":-0.0022279503755271436,"w":0.9421485662460327},"size":10.474163055419922,"orthographic":false}