{"count":1,"gauges":{},"self":10.417281599999999,"total":10.5460528,"children":{"AgentSendState":{"count":502,"self":0.008011299999999999,"total":0.0099698,"children":{"CollectObservations":{"count":51,"self":0.0019584999999999997,"total":0.0019584999999999997,"children":null},"CollectDiscreteActionMasks":{"count":51,"self":0,"total":0,"children":null}}},"DecideAction":{"count":502,"self":0.1128445,"total":0.1128445,"children":null},"AgentAct":{"count":502,"self":0.00496,"total":0.00496,"children":null}}}